{"manifestVersion":"1.1","info":{"id":"llvm.d29c51f0-961f-4e20-aad6-356af569907f,version=1.0.340780","manifestType":"Extension"},"packages":[{"id":"Component.llvm.d29c51f0-961f-4e20-aad6-356af569907f","version":"1.0.340780","type":"Component","extension":true,"dependencies":{"llvm.d29c51f0-961f-4e20-aad6-356af569907f":"1.0.340780","Microsoft.VisualStudio.Component.CoreEditor":"[15.0,16.0)","Microsoft.VisualStudio.ComponentGroup.NativeDesktop.Core":"[15.0.26621.2,16.0)","Microsoft.VisualStudio.Component.VC.CoreIde":"[15.0.26606.0,16.0)"},"localizedResources":[{"language":"en-US","title":"LLVM Compiler Toolchain","description":"Allows the LLVM Compiler Toolchain (installed separately) to be used from within Visual Studio to build C/C++ Projects."}]},{"id":"llvm.d29c51f0-961f-4e20-aad6-356af569907f","version":"1.0.340780","type":"Vsix","payloads":[{"fileName":"llvm.vsix","size":17419}],"vsixId":"llvm.d29c51f0-961f-4e20-aad6-356af569907f","extensionDir":"[installdir]\\Common7\\IDE\\Extensions\\iv4gkprh.xkf","folderMappings":{"$PublicAssemblies":"[installdir]\\Common7\\IDE\\PublicAssemblies","$ReferenceAssemblies":"[installdir]\\Common7\\IDE\\ReferenceAssemblies","$RemoteDebugger":"[installdir]\\Common7\\IDE\\Remote Debugger","$VCTargets":"[installdir]\\Common7\\IDE\\VC\\VCTargets","$MSBuild":"[installdir]\\MSBuild","$Schemas":"[installdir]\\Xml\\Schemas","$Licenses":"[installdir]\\Licenses"},"installSizes":{"targetDrive":23984}}]}